source_file,quarantine_file,category,status,before_sha256,after_sha256,timestamp
/Users/shidianjin/Documents/高考英语/.DS_Store,/Users/shidianjin/Documents/高考英语-隔离区/20260901/.DS_Store,resource_fork,moved_verified,de1830b4ed15dab8d6f7e6a104f77c6d1486122b31cdd739dad6dcc4e1f3beda,de1830b4ed15dab8d6f7e6a104f77c6d1486122b31cdd739dad6dcc4e1f3beda,2026-09-01T23:09:03.686036+08:00
/Users/shidianjin/Documents/高考英语/2020年/.DS_Store,/Users/shidianjin/Documents/高考英语-隔离区/20260901/2020年/.DS_Store,resource_fork,moved_verified,7d590e804d4c281507eff8a946526e9f0adfd43ed65cb6fd183109e8008a0d57,7d590e804d4c281507eff8a946526e9f0adfd43ed65cb6fd183109e8008a0d57,2026-09-01T23:09:03.686036+08:00
/Users/shidianjin/Documents/高考英语/新高考版高考总复习英语5·3B版/.DS_Store,/Users/shidianjin/Documents/高考英语-隔离区/20260901/新高考版高考总复习英语5·3B版/.DS_Store,resource_fork,moved_verified,630a366fa1fcd74532e375405fb42f23d3d71b1b27bd9c3b45cbc95166c86544,630a366fa1fcd74532e375405fb42f23d3d71b1b27bd9c3b45cbc95166c86544,2026-09-01T23:09:03.686036+08:00
/Users/shidianjin/Documents/高考英语/新高考版高考总复习英语5·3B版/专题一名词、代词、冠词/.DS_Store,/Users/shidianjin/Documents/高考英语-隔离区/20260901/新高考版高考总复习英语5·3B版/专题一名词、代词、冠词/.DS_Store,resource_fork,moved_verified,9e9b33d12aea687287b8372f53533df3057487079300cc6beef48e2ad53ce993,9e9b33d12aea687287b8372f53533df3057487079300cc6beef48e2ad53ce993,2026-09-01T23:09:03.686036+08:00
/Users/shidianjin/Documents/高考英语/新高考版高考总复习英语5·3B版/专题一名词、代词、冠词/专题一名词、代词、冠词（试题WORD）/.DS_Store,/Users/shidianjin/Documents/高考英语-隔离区/20260901/新高考版高考总复习英语5·3B版/专题一名词、代词、冠词/专题一名词、代词、冠词（试题WORD）/.DS_Store,resource_fork,moved_verified,06651638e595a6314b62d865c7a7eb6e77415c1f0f3072b8663b91b1d4966444,06651638e595a6314b62d865c7a7eb6e77415c1f0f3072b8663b91b1d4966444,2026-09-01T23:09:03.686036+08:00
/Users/shidianjin/Documents/高考英语/新高考版高考总复习英语5·3B版/专题十二完形填空/.DS_Store,/Users/shidianjin/Documents/高考英语-隔离区/20260901/新高考版高考总复习英语5·3B版/专题十二完形填空/.DS_Store,resource_fork,moved_verified,621bd9b6fbd4a7116b71f5ce8269372c347bbcb9b02d481e77870f8c15ae50e6,621bd9b6fbd4a7116b71f5ce8269372c347bbcb9b02d481e77870f8c15ae50e6,2026-09-01T23:09:03.686036+08:00
/Users/shidianjin/Documents/高考英语/新高考版高考总复习英语5·3B版/专题十二完形填空/专题十二完形填空（专题资料包）/.DS_Store,/Users/shidianjin/Documents/高考英语-隔离区/20260901/新高考版高考总复习英语5·3B版/专题十二完形填空/专题十二完形填空（专题资料包）/.DS_Store,resource_fork,moved_verified,3152dbef5c801b10249742bfa062f2f9e93cd76fe8207ee03a6db46c049ec321,3152dbef5c801b10249742bfa062f2f9e93cd76fe8207ee03a6db46c049ec321,2026-09-01T23:09:03.686036+08:00
/Users/shidianjin/Documents/高考英语/新高考版高考总复习英语5·3B版/专题十二完形填空/专题十二完形填空（试题WORD）/.DS_Store,/Users/shidianjin/Documents/高考英语-隔离区/20260901/新高考版高考总复习英语5·3B版/专题十二完形填空/专题十二完形填空（试题WORD）/.DS_Store,resource_fork,moved_verified,5da92370940f04fd7f42c323680231f720256eeadaac34ff9ea525987abdd433,5da92370940f04fd7f42c323680231f720256eeadaac34ff9ea525987abdd433,2026-09-01T23:09:03.686036+08:00
/Users/shidianjin/Documents/高考英语/高考英语_副本/.DS_Store,/Users/shidianjin/Documents/高考英语-隔离区/20260901/高考英语_副本/.DS_Store,resource_fork,moved_verified,fc3a9faa9f801f37c9ff2c1fceffab2849d40bc72a7a8c880d7690a68041d01c,fc3a9faa9f801f37c9ff2c1fceffab2849d40bc72a7a8c880d7690a68041d01c,2026-09-01T23:09:03.686036+08:00
