duplicate_type,fingerprint,source_file,keep_file,size_bytes,review_status,reason
same_name_different_content,1.mp3,/Users/shidianjin/Documents/高考英语/2019年/1.mp3,,175759,review_required,normalized basename repeats but file content differs
same_name_different_content,1.mp3,/Users/shidianjin/Documents/高考英语/高考英语_副本/2018年/1.mp3,,217764,review_required,normalized basename repeats but file content differs
same_name_different_content,1.mp3,/Users/shidianjin/Documents/高考英语/高考英语_副本/2020年/2020年高考全国1英语高考真题-全国高考真题解析/附件/1.mp3,,155660,review_required,normalized basename repeats but file content differs
same_name_different_content,10.mp3,/Users/shidianjin/Documents/高考英语/2019年/10.mp3,,1165068,review_required,normalized basename repeats but file content differs
same_name_different_content,10.mp3,/Users/shidianjin/Documents/高考英语/高考英语_副本/2018年/10.mp3,,4973025,review_required,normalized basename repeats but file content differs
same_name_different_content,10.mp3,/Users/shidianjin/Documents/高考英语/高考英语_副本/2020年/2020年高考全国1英语高考真题-全国高考真题解析/附件/10.mp3,,1887265,review_required,normalized basename repeats but file content differs
same_name_different_content,2.mp3,/Users/shidianjin/Documents/高考英语/2019年/2.mp3,,200000,review_required,normalized basename repeats but file content differs
same_name_different_content,2.mp3,/Users/shidianjin/Documents/高考英语/高考英语_副本/2018年/2.mp3,,221107,review_required,normalized basename repeats but file content differs
same_name_different_content,2.mp3,/Users/shidianjin/Documents/高考英语/高考英语_副本/2020年/2020年高考全国1英语高考真题-全国高考真题解析/附件/2.mp3,,198918,review_required,normalized basename repeats but file content differs
same_name_different_content,2020年广东高考英语听说考试真题testb.docx,/Users/shidianjin/Documents/高考英语/高考内容总/2009-2021广东真题/2020年广东高考英语听说考试真题 Test B.docx,,13885,review_required,normalized basename repeats but file content differs
same_name_different_content,2020年广东高考英语听说考试真题testb.docx,/Users/shidianjin/Documents/高考英语/高考英语_副本/2020年/2020年广东高考英语听说考试真题 Test B/2020年广东高考英语听说考试真题 Test B.docx,,20072,review_required,normalized basename repeats but file content differs
same_name_different_content,2021年高考英语试卷全国乙卷新课标ⅰ解析卷.docx,/Users/shidianjin/Documents/高考英语/2021·高考英语真题/2021年高考英语试卷（全国乙卷）（新课标Ⅰ）（解析卷）.docx,,58866,review_required,normalized basename repeats but file content differs
same_name_different_content,2021年高考英语试卷全国乙卷新课标ⅰ解析卷.docx,/Users/shidianjin/Documents/高考英语/全国卷·英语（2008-2025）/2021年高考英语试卷（全国乙卷）（新课标Ⅰ）（解析卷）.docx,,58866,review_required,normalized basename repeats but file content differs
same_name_different_content,2022年高考考前押题密卷广东卷a4考试版.docx,/Users/shidianjin/Documents/高考英语/2022年/2022年高考考前押题密卷（广东卷）（A4考试版）.docx,,230917,review_required,normalized basename repeats but file content differs
same_name_different_content,2022年高考考前押题密卷广东卷a4考试版.docx,/Users/shidianjin/Documents/高考英语/高考内容总/2009-2021广东真题/2022年高考考前押题密卷（广东卷）（A4考试版）.docx,,256866,review_required,normalized basename repeats but file content differs
same_name_different_content,2022年高考英语试卷全国乙卷空白卷.docx,/Users/shidianjin/Documents/高考英语/2022·高考英语真题/2022年高考英语试卷（全国乙卷）（空白卷）.docx,,167523,review_required,normalized basename repeats but file content differs
same_name_different_content,2022年高考英语试卷全国乙卷空白卷.docx,/Users/shidianjin/Documents/高考英语/全国卷·英语（2008-2025）/2022年高考英语试卷（全国乙卷）（空白卷）.docx,,167523,review_required,normalized basename repeats but file content differs
same_name_different_content,2022年高考英语试卷全国乙卷解析卷.docx,/Users/shidianjin/Documents/高考英语/2022·高考英语真题/2022年高考英语试卷（全国乙卷）（解析卷）.docx,,185036,review_required,normalized basename repeats but file content differs
same_name_different_content,2022年高考英语试卷全国乙卷解析卷.docx,/Users/shidianjin/Documents/高考英语/全国卷·英语（2008-2025）/2022年高考英语试卷（全国乙卷）（解析卷）.docx,,185036,review_required,normalized basename repeats but file content differs
same_name_different_content,2022年高考英语试卷全国甲卷空白卷.docx,/Users/shidianjin/Documents/高考英语/2022·高考英语真题/2022年高考英语试卷（全国甲卷）（空白卷）.docx,,30060,review_required,normalized basename repeats but file content differs
same_name_different_content,2022年高考英语试卷全国甲卷空白卷.docx,/Users/shidianjin/Documents/高考英语/全国卷·英语（2008-2025）/2022年高考英语试卷（全国甲卷）（空白卷）.docx,,30060,review_required,normalized basename repeats but file content differs
same_name_different_content,2022年高考英语试卷全国甲卷解析卷.docx,/Users/shidianjin/Documents/高考英语/2022·高考英语真题/2022年高考英语试卷（全国甲卷）（解析卷）.docx,,50638,review_required,normalized basename repeats but file content differs
same_name_different_content,2022年高考英语试卷全国甲卷解析卷.docx,/Users/shidianjin/Documents/高考英语/全国卷·英语（2008-2025）/2022年高考英语试卷（全国甲卷）（解析卷）.docx,,50638,review_required,normalized basename repeats but file content differs
same_name_different_content,2022年高考英语试卷新高考ⅰ卷空白卷.docx,/Users/shidianjin/Documents/高考英语/2022·高考英语真题/2022年高考英语试卷（新高考Ⅰ卷）（空白卷）.docx,,42919,review_required,normalized basename repeats but file content differs
same_name_different_content,2022年高考英语试卷新高考ⅰ卷空白卷.docx,/Users/shidianjin/Documents/高考英语/全国卷·英语（2008-2025）/2022年高考英语试卷（新高考Ⅰ卷）（空白卷）.docx,,42919,review_required,normalized basename repeats but file content differs
same_name_different_content,2022年高考英语试卷新高考ⅰ卷解析卷.docx,/Users/shidianjin/Documents/高考英语/2022·高考英语真题/2022年高考英语试卷（新高考Ⅰ卷）（解析卷）.docx,,62385,review_required,normalized basename repeats but file content differs
same_name_different_content,2022年高考英语试卷新高考ⅰ卷解析卷.docx,/Users/shidianjin/Documents/高考英语/全国卷·英语（2008-2025）/2022年高考英语试卷（新高考Ⅰ卷）（解析卷）.docx,,62385,review_required,normalized basename repeats but file content differs
same_name_different_content,2022年高考英语试卷新高考ⅱ卷空白卷.docx,/Users/shidianjin/Documents/高考英语/2022·高考英语真题/2022年高考英语试卷（新高考Ⅱ卷）（空白卷）.docx,,43227,review_required,normalized basename repeats but file content differs
same_name_different_content,2022年高考英语试卷新高考ⅱ卷空白卷.docx,/Users/shidianjin/Documents/高考英语/全国卷·英语（2008-2025）/2022年高考英语试卷（新高考Ⅱ卷）（空白卷）.docx,,43227,review_required,normalized basename repeats but file content differs
same_name_different_content,2022年高考英语试卷新高考ⅱ卷解析卷.docx,/Users/shidianjin/Documents/高考英语/2022·高考英语真题/2022年高考英语试卷（新高考Ⅱ卷）（解析卷）.docx,,61806,review_required,normalized basename repeats but file content differs
same_name_different_content,2022年高考英语试卷新高考ⅱ卷解析卷.docx,/Users/shidianjin/Documents/高考英语/全国卷·英语（2008-2025）/2022年高考英语试卷（新高考Ⅱ卷）（解析卷）.docx,,61806,review_required,normalized basename repeats but file content differs
same_name_different_content,2023年高考英语试卷全国乙卷空白卷.docx,/Users/shidianjin/Documents/高考英语/2023·高考英语真题/2023年高考英语试卷（全国乙卷）（空白卷）.docx,,29854,review_required,normalized basename repeats but file content differs
same_name_different_content,2023年高考英语试卷全国乙卷空白卷.docx,/Users/shidianjin/Documents/高考英语/全国卷·英语（2008-2025）/2023年高考英语试卷（全国乙卷）（空白卷）.docx,,29854,review_required,normalized basename repeats but file content differs
same_name_different_content,2023年高考英语试卷全国乙卷解析卷.docx,/Users/shidianjin/Documents/高考英语/2023·高考英语真题/2023年高考英语试卷（全国乙卷）（解析卷）.docx,,50042,review_required,normalized basename repeats but file content differs
same_name_different_content,2023年高考英语试卷全国乙卷解析卷.docx,/Users/shidianjin/Documents/高考英语/全国卷·英语（2008-2025）/2023年高考英语试卷（全国乙卷）（解析卷）.docx,,50042,review_required,normalized basename repeats but file content differs
same_name_different_content,2023年高考英语试卷全国甲卷空白卷.docx,/Users/shidianjin/Documents/高考英语/2023·高考英语真题/2023年高考英语试卷（全国甲卷）（空白卷）.docx,,29467,review_required,normalized basename repeats but file content differs
same_name_different_content,2023年高考英语试卷全国甲卷空白卷.docx,/Users/shidianjin/Documents/高考英语/全国卷·英语（2008-2025）/2023年高考英语试卷（全国甲卷）（空白卷）.docx,,29467,review_required,normalized basename repeats but file content differs
same_name_different_content,2023年高考英语试卷全国甲卷解析卷.docx,/Users/shidianjin/Documents/高考英语/2023·高考英语真题/2023年高考英语试卷（全国甲卷）（解析卷）.docx,,48747,review_required,normalized basename repeats but file content differs
same_name_different_content,2023年高考英语试卷全国甲卷解析卷.docx,/Users/shidianjin/Documents/高考英语/全国卷·英语（2008-2025）/2023年高考英语试卷（全国甲卷）（解析卷）.docx,,48747,review_required,normalized basename repeats but file content differs
same_name_different_content,2023年高考英语试卷新高考ⅰ卷空白卷.docx,/Users/shidianjin/Documents/高考英语/2023·高考英语真题/2023年高考英语试卷（新高考Ⅰ卷）（空白卷）.docx,,30917,review_required,normalized basename repeats but file content differs
same_name_different_content,2023年高考英语试卷新高考ⅰ卷空白卷.docx,/Users/shidianjin/Documents/高考英语/全国卷·英语（2008-2025）/2023年高考英语试卷（新高考Ⅰ卷）（空白卷）.docx,,30917,review_required,normalized basename repeats but file content differs
same_name_different_content,2023年高考英语试卷新高考ⅰ卷解析卷.docx,/Users/shidianjin/Documents/高考英语/2023·高考英语真题/2023年高考英语试卷（新高考Ⅰ卷）（解析卷）.docx,,49681,review_required,normalized basename repeats but file content differs
same_name_different_content,2023年高考英语试卷新高考ⅰ卷解析卷.docx,/Users/shidianjin/Documents/高考英语/全国卷·英语（2008-2025）/2023年高考英语试卷（新高考Ⅰ卷）（解析卷）.docx,,49681,review_required,normalized basename repeats but file content differs
same_name_different_content,2023年高考英语试卷新高考ⅱ卷空白卷.docx,/Users/shidianjin/Documents/高考英语/2023·高考英语真题/2023年高考英语试卷（新高考Ⅱ卷）（空白卷）.docx,,32367,review_required,normalized basename repeats but file content differs
same_name_different_content,2023年高考英语试卷新高考ⅱ卷空白卷.docx,/Users/shidianjin/Documents/高考英语/全国卷·英语（2008-2025）/2023年高考英语试卷（新高考Ⅱ卷）（空白卷）.docx,,32367,review_required,normalized basename repeats but file content differs
same_name_different_content,2023年高考英语试卷新高考ⅱ卷解析卷.docx,/Users/shidianjin/Documents/高考英语/2023·高考英语真题/2023年高考英语试卷（新高考Ⅱ卷）（解析卷）.docx,,50147,review_required,normalized basename repeats but file content differs
same_name_different_content,2023年高考英语试卷新高考ⅱ卷解析卷.docx,/Users/shidianjin/Documents/高考英语/全国卷·英语（2008-2025）/2023年高考英语试卷（新高考Ⅱ卷）（解析卷）.docx,,50147,review_required,normalized basename repeats but file content differs
same_name_different_content,3.mp3,/Users/shidianjin/Documents/高考英语/2019年/3.mp3,,183700,review_required,normalized basename repeats but file content differs
same_name_different_content,3.mp3,/Users/shidianjin/Documents/高考英语/高考英语_副本/2018年/3.mp3,,175759,review_required,normalized basename repeats but file content differs
same_name_different_content,3.mp3,/Users/shidianjin/Documents/高考英语/高考英语_副本/2020年/2020年高考全国1英语高考真题-全国高考真题解析/附件/3.mp3,,241132,review_required,normalized basename repeats but file content differs
same_name_different_content,4.mp3,/Users/shidianjin/Documents/高考英语/2019年/4.mp3,,186417,review_required,normalized basename repeats but file content differs
same_name_different_content,4.mp3,/Users/shidianjin/Documents/高考英语/高考英语_副本/2018年/4.mp3,,270845,review_required,normalized basename repeats but file content differs
same_name_different_content,4.mp3,/Users/shidianjin/Documents/高考英语/高考英语_副本/2020年/2020年高考全国1英语高考真题-全国高考真题解析/附件/4.mp3,,206233,review_required,normalized basename repeats but file content differs
same_name_different_content,5.mp3,/Users/shidianjin/Documents/高考英语/2019年/5.mp3,,155906,review_required,normalized basename repeats but file content differs
same_name_different_content,5.mp3,/Users/shidianjin/Documents/高考英语/高考英语_副本/2018年/5.mp3,,167191,review_required,normalized basename repeats but file content differs
same_name_different_content,5.mp3,/Users/shidianjin/Documents/高考英语/高考英语_副本/2020年/2020年高考全国1英语高考真题-全国高考真题解析/附件/5.mp3,,178647,review_required,normalized basename repeats but file content differs
same_name_different_content,6.mp3,/Users/shidianjin/Documents/高考英语/2019年/6.mp3,,599151,review_required,normalized basename repeats but file content differs
same_name_different_content,6.mp3,/Users/shidianjin/Documents/高考英语/高考英语_副本/2018年/6.mp3,,574956,review_required,normalized basename repeats but file content differs
same_name_different_content,6.mp3,/Users/shidianjin/Documents/高考英语/高考英语_副本/2020年/2020年高考全国1英语高考真题-全国高考真题解析/附件/6.mp3,,575291,review_required,normalized basename repeats but file content differs
same_name_different_content,7.mp3,/Users/shidianjin/Documents/高考英语/2019年/7.mp3,,1014812,review_required,normalized basename repeats but file content differs
same_name_different_content,7.mp3,/Users/shidianjin/Documents/高考英语/高考英语_副本/2018年/7.mp3,,854153,review_required,normalized basename repeats but file content differs
same_name_different_content,7.mp3,/Users/shidianjin/Documents/高考英语/高考英语_副本/2020年/2020年高考全国1英语高考真题-全国高考真题解析/附件/7.mp3,,844038,review_required,normalized basename repeats but file content differs
same_name_different_content,8.mp3,/Users/shidianjin/Documents/高考英语/2019年/8.mp3,,1365898,review_required,normalized basename repeats but file content differs
same_name_different_content,8.mp3,/Users/shidianjin/Documents/高考英语/高考英语_副本/2018年/8.mp3,,960736,review_required,normalized basename repeats but file content differs
same_name_different_content,8.mp3,/Users/shidianjin/Documents/高考英语/高考英语_副本/2020年/2020年高考全国1英语高考真题-全国高考真题解析/附件/8.mp3,,1017074,review_required,normalized basename repeats but file content differs
same_name_different_content,9.mp3,/Users/shidianjin/Documents/高考英语/2019年/9.mp3,,1435697,review_required,normalized basename repeats but file content differs
same_name_different_content,9.mp3,/Users/shidianjin/Documents/高考英语/高考英语_副本/2018年/9.mp3,,4084105,review_required,normalized basename repeats but file content differs
same_name_different_content,9.mp3,/Users/shidianjin/Documents/高考英语/高考英语_副本/2020年/2020年高考全国1英语高考真题-全国高考真题解析/附件/9.mp3,,917808,review_required,normalized basename repeats but file content differs
same_name_different_content,专题资料包.docx,/Users/shidianjin/Documents/高考英语/新高考版高考总复习英语5·3A版/专题二十一应用文写作/专题资料包/专题资料包/专题资料包/专题资料包.docx,,45494,review_required,normalized basename repeats but file content differs
same_name_different_content,专题资料包.docx,/Users/shidianjin/Documents/高考英语/新高考版高考总复习英语5·3A版/专题二十三概要写作/专题资料包/专题资料包/专题资料包/专题资料包.docx,,52096,review_required,normalized basename repeats but file content differs
same_name_different_content,专题资料包.docx,/Users/shidianjin/Documents/高考英语/新高考版高考总复习英语5·3A版/专题二十二读后续写/专题资料包/专题资料包/专题资料包/专题资料包.docx,,74598,review_required,normalized basename repeats but file content differs
same_name_different_content,专题资料包.docx,/Users/shidianjin/Documents/高考英语/新高考版高考总复习英语5·3A版/专题十七阅读补全（七选五）/专题资料包/专题资料包/专题资料包/专题资料包.docx,,100693,review_required,normalized basename repeats but file content differs
same_name_different_content,专题资料包.docx,/Users/shidianjin/Documents/高考英语/新高考版高考总复习英语5·3A版/专题十三细节理解/专题资料包/专题资料包/专题资料包/专题资料包.docx,,79164,review_required,normalized basename repeats but file content differs
same_name_different_content,专题资料包.docx,/Users/shidianjin/Documents/高考英语/新高考版高考总复习英语5·3A版/专题十九语法填空/专题资料包/专题资料包/专题资料包/专题资料包.docx,,94030,review_required,normalized basename repeats but file content differs
same_name_different_content,专题资料包.docx,/Users/shidianjin/Documents/高考英语/新高考版高考总复习英语5·3A版/专题十五推理判断/专题资料包/专题资料包/专题资料包/专题资料包.docx,,167429,review_required,normalized basename repeats but file content differs
same_name_different_content,专题资料包.docx,/Users/shidianjin/Documents/高考英语/新高考版高考总复习英语5·3A版/专题十八完形填空/专题资料包/专题资料包/专题资料包/专题资料包.docx,,95728,review_required,normalized basename repeats but file content differs
same_name_different_content,专题资料包.docx,/Users/shidianjin/Documents/高考英语/新高考版高考总复习英语5·3A版/专题十六猜测词义/专题资料包/专题资料包/专题资料包/专题资料包.docx,,70588,review_required,normalized basename repeats but file content differs
same_name_different_content,专题资料包.docx,/Users/shidianjin/Documents/高考英语/新高考版高考总复习英语5·3A版/专题十四主旨要义/专题资料包/专题资料包/专题资料包/专题资料包.docx,,150058,review_required,normalized basename repeats but file content differs
same_name_different_content,讲解部分ppt方法技巧.pptx,/Users/shidianjin/Documents/高考英语/新高考版高考总复习英语5·3A版/专题二十一应用文写作/讲解部分PPT/讲解部分PPT—方法技巧/讲解PPT/讲解部分PPT—方法技巧.pptx,,348057,review_required,normalized basename repeats but file content differs
same_name_different_content,讲解部分ppt方法技巧.pptx,/Users/shidianjin/Documents/高考英语/新高考版高考总复习英语5·3A版/专题二十三概要写作/讲解部分PPT/讲解部分PPT—方法技巧/讲解PPT/讲解部分PPT—方法技巧.pptx,,241190,review_required,normalized basename repeats but file content differs
same_name_different_content,讲解部分ppt方法技巧.pptx,/Users/shidianjin/Documents/高考英语/新高考版高考总复习英语5·3A版/专题十七阅读补全（七选五）/讲解部分PPT/讲解部分PPT—方法技巧/讲解PPT/讲解部分PPT—方法技巧.pptx,,856950,review_required,normalized basename repeats but file content differs
same_name_different_content,讲解部分ppt方法技巧.pptx,/Users/shidianjin/Documents/高考英语/新高考版高考总复习英语5·3A版/专题十三细节理解/讲解部分PPT/讲解部分PPT—方法技巧/讲解PPT/讲解部分PPT—方法技巧.pptx,,1003256,review_required,normalized basename repeats but file content differs
same_name_different_content,讲解部分ppt方法技巧.pptx,/Users/shidianjin/Documents/高考英语/新高考版高考总复习英语5·3A版/专题十九语法填空/讲解部分PPT/讲解部分PPT—方法技巧/讲解PPT/讲解部分PPT—方法技巧.pptx,,926525,review_required,normalized basename repeats but file content differs
same_name_different_content,讲解部分ppt方法技巧.pptx,/Users/shidianjin/Documents/高考英语/新高考版高考总复习英语5·3A版/专题十五推理判断/讲解部分PPT/讲解部分PPT—方法技巧/讲解PPT/讲解部分PPT—方法技巧.pptx,,1000192,review_required,normalized basename repeats but file content differs
same_name_different_content,讲解部分ppt方法技巧.pptx,/Users/shidianjin/Documents/高考英语/新高考版高考总复习英语5·3A版/专题十八完形填空/讲解部分PPT/讲解部分PPT—方法技巧/讲解PPT/讲解部分PPT—方法技巧.pptx,,558726,review_required,normalized basename repeats but file content differs
same_name_different_content,讲解部分ppt方法技巧.pptx,/Users/shidianjin/Documents/高考英语/新高考版高考总复习英语5·3A版/专题十六猜测词义/讲解部分PPT/讲解部分PPT—方法技巧/讲解PPT/讲解部分PPT—方法技巧.pptx,,458244,review_required,normalized basename repeats but file content differs
same_name_different_content,讲解部分ppt方法技巧.pptx,/Users/shidianjin/Documents/高考英语/新高考版高考总复习英语5·3A版/专题十四主旨要义/讲解部分PPT/讲解部分PPT—方法技巧/讲解PPT/讲解部分PPT—方法技巧.pptx,,384261,review_required,normalized basename repeats but file content differs
same_name_different_content,讲解部分ppt考点清单.pptx,/Users/shidianjin/Documents/高考英语/新高考版高考总复习英语5·3A版/专题二十一应用文写作/讲解部分PPT/讲解部分PPT—考点清单/讲解PPT/讲解部分PPT—考点清单.pptx,,334684,review_required,normalized basename repeats but file content differs
same_name_different_content,讲解部分ppt考点清单.pptx,/Users/shidianjin/Documents/高考英语/新高考版高考总复习英语5·3A版/专题二十三概要写作/讲解部分PPT/讲解部分PPT—考点清单/讲解PPT/讲解部分PPT—考点清单.pptx,,189626,review_required,normalized basename repeats but file content differs
same_name_different_content,讲解部分ppt考点清单.pptx,/Users/shidianjin/Documents/高考英语/新高考版高考总复习英语5·3A版/专题二十二读后续写/讲解部分PPT/讲解部分PPT—考点清单/讲解PPT/讲解部分PPT—考点清单.pptx,,1237896,review_required,normalized basename repeats but file content differs
same_name_different_content,讲解部分ppt考点清单.pptx,/Users/shidianjin/Documents/高考英语/新高考版高考总复习英语5·3A版/专题二十写作基础/讲解部分PPT/讲解部分PPT—考点清单/讲解PPT/讲解部分PPT—考点清单.pptx,,463264,review_required,normalized basename repeats but file content differs
same_name_different_content,讲解部分ppt考点清单.pptx,/Users/shidianjin/Documents/高考英语/新高考版高考总复习英语5·3A版/专题十九语法填空/讲解部分PPT/讲解部分PPT—考点清单/讲解PPT/讲解部分PPT—考点清单.pptx,,209566,review_required,normalized basename repeats but file content differs
same_name_different_content,讲解部分ppt课标导航考点清单.pptx,/Users/shidianjin/Documents/高考英语/新高考版高考总复习英语5·3A版/专题一谓语动词的时态/讲解部分PPT/讲解部分PPT—课标导航、考点清单/讲解PPT/讲解部分PPT—课标导航、考点清单.pptx,,737554,review_required,normalized basename repeats but file content differs
same_name_different_content,讲解部分ppt课标导航考点清单.pptx,/Users/shidianjin/Documents/高考英语/新高考版高考总复习英语5·3A版/专题七名词、冠词和数词/讲解部分PPT/讲解部分PPT—课标导航、考点清单/讲解PPT/讲解部分PPT—课标导航、考点清单.pptx,,537847,review_required,normalized basename repeats but file content differs
same_name_different_content,讲解部分ppt课标导航考点清单.pptx,/Users/shidianjin/Documents/高考英语/新高考版高考总复习英语5·3A版/专题三主谓一致/讲解部分PPT/讲解部分PPT—课标导航、考点清单/讲解PPT/讲解部分PPT—课标导航、考点清单.pptx,,548992,review_required,normalized basename repeats but file content differs
same_name_different_content,讲解部分ppt课标导航考点清单.pptx,/Users/shidianjin/Documents/高考英语/新高考版高考总复习英语5·3A版/专题九介词和代词/讲解部分PPT/讲解部分PPT—课标导航、考点清单/讲解PPT/讲解部分PPT—课标导航、考点清单.pptx,,2493371,review_required,normalized basename repeats but file content differs
same_name_different_content,讲解部分ppt课标导航考点清单.pptx,/Users/shidianjin/Documents/高考英语/新高考版高考总复习英语5·3A版/专题二被动语态/讲解部分PPT/讲解部分PPT—课标导航、考点清单/讲解PPT/讲解部分PPT—课标导航、考点清单.pptx,,394282,review_required,normalized basename repeats but file content differs
same_name_different_content,讲解部分ppt课标导航考点清单.pptx,/Users/shidianjin/Documents/高考英语/新高考版高考总复习英语5·3A版/专题五并列复合句/讲解部分PPT/讲解部分PPT—课标导航、考点清单/讲解PPT/讲解部分PPT—课标导航、考点清单.pptx,,369468,review_required,normalized basename repeats but file content differs
same_name_different_content,讲解部分ppt课标导航考点清单.pptx,/Users/shidianjin/Documents/高考英语/新高考版高考总复习英语5·3A版/专题八形容词和副词/讲解部分PPT/讲解部分PPT—课标导航、考点清单/讲解PPT/讲解部分PPT—课标导航、考点清单.pptx,,634747,review_required,normalized basename repeats but file content differs
same_name_different_content,讲解部分ppt课标导航考点清单.pptx,/Users/shidianjin/Documents/高考英语/新高考版高考总复习英语5·3A版/专题六主从复合句/讲解部分PPT/讲解部分PPT—课标导航、考点清单/讲解PPT/讲解部分PPT—课标导航、考点清单.pptx,,875410,review_required,normalized basename repeats but file content differs
same_name_different_content,讲解部分ppt课标导航考点清单.pptx,/Users/shidianjin/Documents/高考英语/新高考版高考总复习英语5·3A版/专题十一特殊句式/讲解部分PPT/讲解部分PPT—课标导航、考点清单/讲解PPT/讲解部分PPT—课标导航、考点清单.pptx,,561942,review_required,normalized basename repeats but file content differs
same_name_different_content,讲解部分ppt课标导航考点清单.pptx,/Users/shidianjin/Documents/高考英语/新高考版高考总复习英语5·3A版/专题十二构词法/讲解部分PPT/讲解部分PPT—课标导航、考点清单/讲解PPT/讲解部分PPT—课标导航、考点清单.pptx,,389341,review_required,normalized basename repeats but file content differs
same_name_different_content,讲解部分ppt课标导航考点清单.pptx,/Users/shidianjin/Documents/高考英语/新高考版高考总复习英语5·3A版/专题十情态动词和虚拟语气/讲解部分PPT/讲解部分PPT—课标导航、考点清单/讲解PPT/讲解部分PPT—课标导航、考点清单.pptx,,659001,review_required,normalized basename repeats but file content differs
same_name_different_content,讲解部分ppt课标导航考点清单.pptx,/Users/shidianjin/Documents/高考英语/新高考版高考总复习英语5·3A版/专题四非谓语动词/讲解部分PPT/讲解部分PPT—课标导航、考点清单/讲解PPT/讲解部分PPT—课标导航、考点清单.pptx,,959007,review_required,normalized basename repeats but file content differs
same_name_different_content,试题部分word5年高考3年模拟.docx,/Users/shidianjin/Documents/高考英语/新高考版高考总复习英语5·3A版/专题一谓语动词的时态/试题部分WORD/试题部分WORD—5年高考、3年模拟/试题WORD/试题部分WORD—5年高考、3年模拟.docx,,38315,review_required,normalized basename repeats but file content differs
same_name_different_content,试题部分word5年高考3年模拟.docx,/Users/shidianjin/Documents/高考英语/新高考版高考总复习英语5·3A版/专题七名词、冠词和数词/试题部分WORD/试题部分WORD—5年高考、3年模拟/试题WORD/试题部分word—5年高考、3年模拟.docx,,41595,review_required,normalized basename repeats but file content differs
same_name_different_content,试题部分word5年高考3年模拟.docx,/Users/shidianjin/Documents/高考英语/新高考版高考总复习英语5·3A版/专题三主谓一致/试题部分WORD/试题部分WORD—5年高考、3年模拟/试题WORD/试题部分WORD—5年高考、3年模拟.docx,,34648,review_required,normalized basename repeats but file content differs
same_name_different_content,试题部分word5年高考3年模拟.docx,/Users/shidianjin/Documents/高考英语/新高考版高考总复习英语5·3A版/专题九介词和代词/试题部分WORD/试题部分WORD—5年高考、3年模拟/试题WORD/试题部分word—5年高考、3年模拟.docx,,44276,review_required,normalized basename repeats but file content differs
same_name_different_content,试题部分word5年高考3年模拟.docx,/Users/shidianjin/Documents/高考英语/新高考版高考总复习英语5·3A版/专题二十一应用文写作/试题部分WORD/试题部分WORD—5年高考、3年模拟/试题WORD/试题部分WORD—5年高考、3年模拟.docx,,886892,review_required,normalized basename repeats but file content differs
same_name_different_content,试题部分word5年高考3年模拟.docx,/Users/shidianjin/Documents/高考英语/新高考版高考总复习英语5·3A版/专题二十三概要写作/试题部分WORD/试题部分WORD—5年高考、3年模拟/试题WORD/试题部分WORD—5年高考、3年模拟.docx,,36143,review_required,normalized basename repeats but file content differs
same_name_different_content,试题部分word5年高考3年模拟.docx,/Users/shidianjin/Documents/高考英语/新高考版高考总复习英语5·3A版/专题二十二读后续写/试题部分WORD/试题部分WORD—5年高考、3年模拟/试题WORD/试题部分WORD—5年高考、3年模拟.docx,,88428,review_required,normalized basename repeats but file content differs
same_name_different_content,试题部分word5年高考3年模拟.docx,/Users/shidianjin/Documents/高考英语/新高考版高考总复习英语5·3A版/专题二被动语态/试题部分WORD/试题部分WORD—5年高考、3年模拟/试题WORD/试题部分WORD—5年高考、3年模拟.docx,,33886,review_required,normalized basename repeats but file content differs
same_name_different_content,试题部分word5年高考3年模拟.docx,/Users/shidianjin/Documents/高考英语/新高考版高考总复习英语5·3A版/专题五并列复合句/试题部分WORD/试题部分WORD—5年高考、3年模拟/试题WORD/试题部分word—5年高考、3年模拟.docx,,33677,review_required,normalized basename repeats but file content differs
same_name_different_content,试题部分word5年高考3年模拟.docx,/Users/shidianjin/Documents/高考英语/新高考版高考总复习英语5·3A版/专题八形容词和副词/试题部分WORD/试题部分WORD—5年高考、3年模拟/试题WORD/试题部分word—5年高考、3年模拟.docx,,43874,review_required,normalized basename repeats but file content differs
same_name_different_content,试题部分word5年高考3年模拟.docx,/Users/shidianjin/Documents/高考英语/新高考版高考总复习英语5·3A版/专题六主从复合句/试题部分WORD/试题部分WORD—5年高考、3年模拟/试题WORD/试题部分word—5年高考、3年模拟.docx,,59976,review_required,normalized basename repeats but file content differs
same_name_different_content,试题部分word5年高考3年模拟.docx,/Users/shidianjin/Documents/高考英语/新高考版高考总复习英语5·3A版/专题十七阅读补全（七选五）/试题部分WORD/试题部分WORD—5年高考、3年模拟/试题WORD/试题部分WORD—5年高考、3年模拟.docx,,198122,review_required,normalized basename repeats but file content differs
same_name_different_content,试题部分word5年高考3年模拟.docx,/Users/shidianjin/Documents/高考英语/新高考版高考总复习英语5·3A版/专题十三细节理解/试题部分WORD/试题部分WORD—5年高考、3年模拟/试题WORD/试题部分WORD—5年高考、3年模拟.docx,,1646796,review_required,normalized basename repeats but file content differs
same_name_different_content,试题部分word5年高考3年模拟.docx,/Users/shidianjin/Documents/高考英语/新高考版高考总复习英语5·3A版/专题十九语法填空/试题部分WORD/试题部分WORD—5年高考、3年模拟/试题WORD/试题部分WORD—5年高考、3年模拟.docx,,120535,review_required,normalized basename repeats but file content differs
same_name_different_content,试题部分word5年高考3年模拟.docx,/Users/shidianjin/Documents/高考英语/新高考版高考总复习英语5·3A版/专题十五推理判断/试题部分WORD/试题部分WORD—5年高考、3年模拟/试题WORD/试题部分WORD—5年高考、3年模拟.docx,,554920,review_required,normalized basename repeats but file content differs
same_name_different_content,试题部分word5年高考3年模拟.docx,/Users/shidianjin/Documents/高考英语/新高考版高考总复习英语5·3A版/专题十八完形填空/试题部分WORD/试题部分WORD—5年高考、3年模拟/试题WORD/试题部分WORD—5年高考、3年模拟.docx,,421479,review_required,normalized basename repeats but file content differs
same_name_different_content,试题部分word5年高考3年模拟.docx,/Users/shidianjin/Documents/高考英语/新高考版高考总复习英语5·3A版/专题十六猜测词义/试题部分WORD/试题部分WORD—5年高考、3年模拟/试题WORD/试题部分WORD—5年高考、3年模拟.docx,,315870,review_required,normalized basename repeats but file content differs
same_name_different_content,试题部分word5年高考3年模拟.docx,/Users/shidianjin/Documents/高考英语/新高考版高考总复习英语5·3A版/专题十四主旨要义/试题部分WORD/试题部分WORD—5年高考、3年模拟/试题WORD/试题部分WORD—5年高考、3年模拟.docx,,377098,review_required,normalized basename repeats but file content differs
same_name_different_content,试题部分word5年高考3年模拟.docx,/Users/shidianjin/Documents/高考英语/新高考版高考总复习英语5·3A版/专题四非谓语动词/试题部分WORD/试题部分WORD—5年高考、3年模拟/试题WORD/试题部分WORD—5年高考、3年模拟.docx,,52005,review_required,normalized basename repeats but file content differs
same_name_different_content,试题部分word方法集训.docx,/Users/shidianjin/Documents/高考英语/新高考版高考总复习英语5·3A版/专题十七阅读补全（七选五）/试题部分WORD/试题部分WORD—方法集训/试题WORD/试题部分WORD—方法集训.docx,,60776,review_required,normalized basename repeats but file content differs
same_name_different_content,试题部分word方法集训.docx,/Users/shidianjin/Documents/高考英语/新高考版高考总复习英语5·3A版/专题十三细节理解/试题部分WORD/试题部分WORD—方法集训/试题WORD/试题部分WORD—方法集训.docx,,56048,review_required,normalized basename repeats but file content differs
same_name_different_content,试题部分word方法集训.docx,/Users/shidianjin/Documents/高考英语/新高考版高考总复习英语5·3A版/专题十五推理判断/试题部分WORD/试题部分WORD—方法集训/试题WORD/试题部分WORD—方法集训.docx,,23983,review_required,normalized basename repeats but file content differs
same_name_different_content,试题部分word方法集训.docx,/Users/shidianjin/Documents/高考英语/新高考版高考总复习英语5·3A版/专题十八完形填空/试题部分WORD/试题部分WORD—方法集训/试题WORD/试题部分WORD—方法集训.docx,,55840,review_required,normalized basename repeats but file content differs
same_name_different_content,试题部分word方法集训.docx,/Users/shidianjin/Documents/高考英语/新高考版高考总复习英语5·3A版/专题十六猜测词义/试题部分WORD/试题部分WORD—方法集训/试题WORD/试题部分WORD—方法集训.docx,,24990,review_required,normalized basename repeats but file content differs
same_name_different_content,试题部分word方法集训.docx,/Users/shidianjin/Documents/高考英语/新高考版高考总复习英语5·3A版/专题十四主旨要义/试题部分WORD/试题部分WORD—方法集训/试题WORD/试题部分WORD—方法集训.docx,,28266,review_required,normalized basename repeats but file content differs
same_name_different_content,试题部分word考点集训.docx,/Users/shidianjin/Documents/高考英语/新高考版高考总复习英语5·3A版/专题一谓语动词的时态/试题部分WORD/试题部分WORD—考点集训/试题WORD/试题部分WORD—考点集训.docx,,26642,review_required,normalized basename repeats but file content differs
same_name_different_content,试题部分word考点集训.docx,/Users/shidianjin/Documents/高考英语/新高考版高考总复习英语5·3A版/专题七名词、冠词和数词/试题部分WORD/试题部分WORD—考点集训/试题WORD/试题部分word—考点集训.docx,,26498,review_required,normalized basename repeats but file content differs
same_name_different_content,试题部分word考点集训.docx,/Users/shidianjin/Documents/高考英语/新高考版高考总复习英语5·3A版/专题三主谓一致/试题部分WORD/试题部分WORD—考点集训/试题WORD/试题部分WORD—考点集训.docx,,26634,review_required,normalized basename repeats but file content differs
same_name_different_content,试题部分word考点集训.docx,/Users/shidianjin/Documents/高考英语/新高考版高考总复习英语5·3A版/专题九介词和代词/试题部分WORD/试题部分WORD—考点集训/试题WORD/试题部分word—考点集训.docx,,26212,review_required,normalized basename repeats but file content differs
same_name_different_content,试题部分word考点集训.docx,/Users/shidianjin/Documents/高考英语/新高考版高考总复习英语5·3A版/专题二十一应用文写作/试题部分WORD/试题部分WORD—考点集训/试题WORD/试题部分WORD—考点集训.docx,,44692,review_required,normalized basename repeats but file content differs
same_name_different_content,试题部分word考点集训.docx,/Users/shidianjin/Documents/高考英语/新高考版高考总复习英语5·3A版/专题二十二读后续写/试题部分WORD/试题部分WORD—考点集训/试题WORD/试题部分WORD—考点集训.docx,,59423,review_required,normalized basename repeats but file content differs
same_name_different_content,试题部分word考点集训.docx,/Users/shidianjin/Documents/高考英语/新高考版高考总复习英语5·3A版/专题二十写作基础/试题部分WORD/试题部分WORD—考点集训/试题WORD/试题部分WORD—考点集训.docx,,52627,review_required,normalized basename repeats but file content differs
same_name_different_content,试题部分word考点集训.docx,/Users/shidianjin/Documents/高考英语/新高考版高考总复习英语5·3A版/专题二被动语态/试题部分WORD/试题部分WORD—考点集训/试题WORD/试题部分WORD—考点集训.docx,,24662,review_required,normalized basename repeats but file content differs
same_name_different_content,试题部分word考点集训.docx,/Users/shidianjin/Documents/高考英语/新高考版高考总复习英语5·3A版/专题五并列复合句/试题部分WORD/试题部分WORD—考点集训/试题WORD/试题部分word—考点集训.docx,,25480,review_required,normalized basename repeats but file content differs
same_name_different_content,试题部分word考点集训.docx,/Users/shidianjin/Documents/高考英语/新高考版高考总复习英语5·3A版/专题八形容词和副词/试题部分WORD/试题部分WORD—考点集训/试题WORD/试题部分word—考点集训.docx,,27320,review_required,normalized basename repeats but file content differs
same_name_different_content,试题部分word考点集训.docx,/Users/shidianjin/Documents/高考英语/新高考版高考总复习英语5·3A版/专题六主从复合句/试题部分WORD/试题部分WORD—考点集训/试题WORD/试题部分word—考点集训.docx,,34961,review_required,normalized basename repeats but file content differs
same_name_different_content,试题部分word考点集训.docx,/Users/shidianjin/Documents/高考英语/新高考版高考总复习英语5·3A版/专题十一特殊句式/试题部分WORD/试题部分WORD—考点集训/试题WORD/试题部分word—考点集训.docx,,27652,review_required,normalized basename repeats but file content differs
same_name_different_content,试题部分word考点集训.docx,/Users/shidianjin/Documents/高考英语/新高考版高考总复习英语5·3A版/专题十二构词法/试题部分WORD/试题部分WORD—考点集训/试题WORD/试题部分word—考点集训.docx,,26965,review_required,normalized basename repeats but file content differs
same_name_different_content,试题部分word考点集训.docx,/Users/shidianjin/Documents/高考英语/新高考版高考总复习英语5·3A版/专题十情态动词和虚拟语气/试题部分WORD/试题部分WORD—考点集训/试题WORD/试题部分word—考点集训.docx,,27355,review_required,normalized basename repeats but file content differs
same_name_different_content,试题部分word考点集训.docx,/Users/shidianjin/Documents/高考英语/新高考版高考总复习英语5·3A版/专题四非谓语动词/试题部分WORD/试题部分WORD—考点集训/试题WORD/试题部分WORD—考点集训.docx,,26373,review_required,normalized basename repeats but file content differs
same_name_different_content,高中短语.xlsx,/Users/shidianjin/Documents/高考英语/梅州高中课程/高中短语.xlsx,,19718,review_required,normalized basename repeats but file content differs
same_name_different_content,高中短语.xlsx,/Users/shidianjin/Documents/高考英语/高中短语.xlsx,,55965,review_required,normalized basename repeats but file content differs
same_name_different_content,高中短语及例句.pdf,/Users/shidianjin/Documents/高考英语/梅州高中课程/高中短语及例句.pdf,,1002916,review_required,normalized basename repeats but file content differs
same_name_different_content,高中短语及例句.pdf,/Users/shidianjin/Documents/高考英语/高中短语及例句.pdf,,1002991,review_required,normalized basename repeats but file content differs
same_name_different_content,高中词汇.xlsx,/Users/shidianjin/Documents/高考英语/梅州高中课程/高中词汇.xlsx,,473077,review_required,normalized basename repeats but file content differs
same_name_different_content,高中词汇.xlsx,/Users/shidianjin/Documents/高考英语/高考英语_副本/高中词汇.xlsx,,475912,review_required,normalized basename repeats but file content differs
